-- phpMyAdmin SQL Dump
-- version 4.5.1
-- http://www.phpmyadmin.net
--
-- Host: 127.0.0.1
-- Generation Time: Sep 19, 2018 at 11:33 AM
-- Server version: 10.1.10-MariaDB
-- PHP Version: 7.0.2

SET SQL_MODE = "NO_AUTO_VALUE_ON_ZERO";
SET time_zone = "+00:00";


/*!40101 SET @OLD_CHARACTER_SET_CLIENT=@@CHARACTER_SET_CLIENT */;
/*!40101 SET @OLD_CHARACTER_SET_RESULTS=@@CHARACTER_SET_RESULTS */;
/*!40101 SET @OLD_COLLATION_CONNECTION=@@COLLATION_CONNECTION */;
/*!40101 SET NAMES utf8mb4 */;

--
-- Database: `elearning`
--

-- --------------------------------------------------------

--
-- Table structure for table `categories`
--

CREATE TABLE `categories` (
  `cat_id` int(100) NOT NULL,
  `cat_name` varchar(100) NOT NULL,
  `cat_desc` text NOT NULL,
  `cat_icon` varchar(50) NOT NULL
) ENGINE=InnoDB DEFAULT CHARSET=latin1;

--
-- Dumping data for table `categories`
--

INSERT INTO `categories` (`cat_id`, `cat_name`, `cat_desc`, `cat_icon`) VALUES
(7, 'Graphics Designing', '<p>Learn Web development with us.We will teach you from scratch.</p>', 'fa-desktop'),
(8, 'Problem Solving', '<p>Learn Web development with us.We will teach you from scratch.</p>', 'fa-asterisk'),
(9, 'Game Development', '<p>Learn Web development with us.We will teach you from scratch.</p>', 'fa-paper-plane'),
(10, 'Networking', '<p>Learn Web development with us.We will teach you from scratch.</p>', 'fa-wifi'),
(11, 'Internet Marketing', '<p>Learn Web development with us.We will teach you from scratch.</p>', 'fa-area-chart'),
(12, 'Outsourcing', '<p>Learn Web development with us.We will teach you from scratch.</p>\r\n<p>&nbsp;</p>', 'fa-leaf'),
(13, 'Mathematics', '<p>Learn Web development with us.We will teach you from scratch.</p>', ' fa-area-chart'),
(14, 'Physics', '<p>Learn Web development with us.We will teach you from scratch.</p>', 'fa-hourglass-end'),
(15, 'Language', '<p>Learn Web development with us.We will teach you from scratch.</p>', 'fa-leanpub');

-- --------------------------------------------------------

--
-- Table structure for table `instructors`
--

CREATE TABLE `instructors` (
  `user_id` int(100) NOT NULL,
  `user_fname` text NOT NULL,
  `user_lname` text NOT NULL,
  `user_name` varchar(100) NOT NULL,
  `user_email` varchar(100) NOT NULL,
  `user_pass` varchar(50) NOT NULL,
  `about` text NOT NULL,
  `admin` tinyint(1) DEFAULT NULL
) ENGINE=InnoDB DEFAULT CHARSET=latin1;

--
-- Dumping data for table `instructors`
--

INSERT INTO `instructors` (`user_id`, `user_fname`, `user_lname`, `user_name`, `user_email`, `user_pass`, `about`, `admin`) VALUES
(1, 'Amit', 'Kollol Dey', 'admin', 'amitkolloldey@gmail.com', 'admin', '', 1),
(3, 'amit', 'kollol dey', 'amit2451', 'amit@gmail.com', '1234', '', 0),
(4, 'amit', 'dey', 'logicfighters', 'amit2@gmail.com', 'amit', 'Become An Instructor ', NULL),
(5, 'amit', 'dey', 'forexwhi', 'amit9@gmail.com', '2dbf21633f03afcf882eaf10e4b5caca', 'Become An Instrctor''', NULL),
(6, 'amit', 'dey', 'amit131', 'amit3@gmail.com', '2dbf21633f03afcf882eaf10e4b5caca', 'afaaagagag', NULL),
(7, 'amit', 'dey', 'amit', 'amit2@gmail.com', '2dbf21633f03afcf882eaf10e4b5caca', '', NULL);

-- --------------------------------------------------------

--
-- Table structure for table `posts`
--

CREATE TABLE `posts` (
  `post_id` int(100) NOT NULL,
  `cat_id` int(100) NOT NULL,
  `post_title` varchar(100) NOT NULL,
  `post_date` text NOT NULL,
  `post_author` varchar(50) NOT NULL,
  `post_keywords` text NOT NULL,
  `post_image` text NOT NULL,
  `post_content` longtext NOT NULL,
  `video_link` varchar(200) NOT NULL,
  `pdf` varchar(100) NOT NULL
) ENGINE=InnoDB DEFAULT CHARSET=latin1;

--
-- Dumping data for table `posts`
--

INSERT INTO `posts` (`post_id`, `cat_id`, `post_title`, `post_date`, `post_author`, `post_keywords`, `post_image`, `post_content`, `video_link`, `pdf`) VALUES
(19, 7, 'It is a long established fact that a reader edited', '06-04-16', 'Amit Kollol Dey', 'established,long,versions', '185774_cb62_3.jpg', '<p>It is a long established fact that a reader will be distracted by the readable content of a page when looking at its layout. The point of using Lorem Ipsum is that it has a more-or-less normal distribution of letters, as opposed to using Content here, content here, making it look like readable English. Many desktop publishing packages and web page editors now use Lorem Ipsum as their default model text, and a search for lorem ipsum will uncover many web sites still in their infancy. Various versions have evolved over the years, sometimes by accident, sometimes on purpose (injected humour and the like).</p>\n<p>It is a long established fact that a reader will be distracted by the readable content of a page when looking at its layout. The point of using Lorem Ipsum is that it has a more-or-less normal distribution of letters, as opposed to using Content here, content here, making it look like readable English. Many desktop publishing packages and web page editors now use Lorem Ipsum as their default model text, and a search for lorem ipsum will uncover many web sites still in their infancy. Various versions have evolved over the years, sometimes by accident, sometimes on purpose (injected humour and the like).</p>\n<p>It is a long established fact that a reader will be distracted by the readable content of a page when looking at its layout. The point of using Lorem Ipsum is that it has a more-or-less normal distribution of letters, as opposed to using Content here, content here, making it look like readable English. Many desktop publishing packages and web page editors now use Lorem Ipsum as their default model text, and a search for lorem ipsum will uncover many web sites still in their infancy. Various versions have evolved over the years, sometimes by accident, sometimes on purpose (injected humour and the like).</p>\n<p>It is a long established fact that a reader will be distracted by the readable content of a page when looking at its layout. The point of using Lorem Ipsum is that it has a more-or-less normal distribution of letters, as opposed to using Content here, content here, making it look like readable English. Many desktop publishing packages and web page editors now use Lorem Ipsum as their default model text, and a search for lorem ipsum will uncover many web sites still in their infancy. Various versions have evolved over the years, sometimes by accident, sometimes on purpose (injected humour and the like).</p>\n<p>&nbsp;</p>', 'https://www.youtube.com/watch?v=Uet2mVhv9Ik', ''),
(20, 6, 'There are many variations of passages of Lorem Ipsum', '31-03-16', 'Amit Kollol Dey', 'variations,passages,alteration', 'course.jpg', '<p>There are many variations of passages of Lorem Ipsum available, but the majority have suffered alteration in some form, by injected humour, or randomised words which dont look even slightly believable. If you are going to use a passage of Lorem Ipsum, you need to be sure there isnt anything embarrassing hidden in the middle of text. All the Lorem Ipsum generators on the Internet tend to repeat predefined chunks as necessary, making this the first true generator on the Internet. It uses a dictionary of over 200 Latin words, combined with a handful of model sentence structures, to generate Lorem Ipsum which looks reasonable. The generated Lorem Ipsum is therefore always free from repetition, injected humour, or non-characteristic words etc.</p>\r\n<p>There are many variations of passages of Lorem Ipsum available, but the majority have suffered alteration in some form, by injected humour, or randomised words which dont look even slightly believable. If you are going to use a passage of Lorem Ipsum, you need to be sure there isnt anything embarrassing hidden in the middle of text. All the Lorem Ipsum generators on the Internet tend to repeat predefined chunks as necessary, making this the first true generator on the Internet. It uses a dictionary of over 200 Latin words, combined with a handful of model sentence structures, to generate Lorem Ipsum which looks reasonable. The generated Lorem Ipsum is therefore always free from repetition, injected humour, or non-characteristic words etc.There are many variations of passages of Lorem Ipsum available, but the majority have suffered alteration in some form, by injected humour, or randomised words which dont look even slightly believable. If you are going to use a passage of Lorem Ipsum, you need to be sure there isnt anything embarrassing hidden in the middle of text. All the Lorem Ipsum generators on the Internet tend to repeat predefined chunks as necessary, making this the first true generator on the Internet. It uses a dictionary of over 200 Latin words, combined with a handful of model sentence structures, to generate Lorem Ipsum which looks reasonable. The generated Lorem Ipsum is therefore always free from repetition, injected humour, or non-characteristic words etc.</p>', 'https://www.youtube.com/watch?v=Uet2mVhv9Ik', ''),
(21, 7, ' The generated Lorem Ipsum is therefore always', '31-03-16', 'Amit Kollol Dey', 'free,injected,repetition', 'courses-2.jpg', '<p>There are many variations of passages of Lorem Ipsum available, but the majority have suffered alteration in some form, by injected humour, or randomised words which dont look even slightly believable. If you are going to use a passage of Lorem Ipsum, you need to be sure there isn anything embarrassing hidden in the middle of text. All the Lorem Ipsum generators on the Internet tend to repeat predefined chunks as necessary, making this the first true generator on the Internet. It uses a dictionary of over 200 Latin words, combined with a handful of model sentence structures, to generate Lorem Ipsum which looks reasonable. The generated Lorem Ipsum is therefore always free from repetition, injected humour, or non-characteristic words etc.</p>\r\n<p>There are many variations of passages of Lorem Ipsum available, but the majority have suffered alteration in some form, by injected humour, or randomised words which dont look even slightly believable. If you are going to use a passage of Lorem Ipsum, you need to be sure there isn anything embarrassing hidden in the middle of text. All the Lorem Ipsum generators on the Internet tend to repeat predefined chunks as necessary, making this the first true generator on the Internet. It uses a dictionary of over 200 Latin words, combined with a handful of model sentence structures, to generate Lorem Ipsum which looks reasonable. The generated Lorem Ipsum is therefore always free from repetition, injected humour, or non-characteristic words etc.</p>\r\n<p>There are many variations of passages of Lorem Ipsum available, but the majority have suffered alteration in some form, by injected humour, or randomised words which dont look even slightly believable. If you are going to use a passage of Lorem Ipsum, you need to be sure there isn anything embarrassing hidden in the middle of text. All the Lorem Ipsum generators on the Internet tend to repeat predefined chunks as necessary, making this the first true generator on the Internet. It uses a dictionary of over 200 Latin words, combined with a handful of model sentence structures, to generate Lorem Ipsum which looks reasonable. The generated Lorem Ipsum is therefore always free from repetition, injected humour, or non-characteristic words etc.</p>', 'https://www.youtube.com/watch?v=Uet2mVhv9Ik', ''),
(22, 7, 'The standard chunk of Lorem Ipsum', '31-03-16', 'Amit Kollol Dey', 'standard,reproduced,Rackham,accompanied ', 'large_courses.jpg', '<p>There are many variations of passages of Lorem Ipsum available, but the majority have suffered alteration in some form, by injected humour, or randomised words which dont look even slightly believable. If you are going to use a passage of Lorem Ipsum, you need to be sure there isn anything embarrassing hidden in the middle of text. All the Lorem Ipsum generators on the Internet tend to repeat predefined chunks as necessary, making this the first true generator on the Internet. It uses a dictionary of over 200 Latin words, combined with a handful of model sentence structures, to generate Lorem Ipsum which looks reasonable. The generated Lorem Ipsum is therefore always free from repetition, injected humour, or non-characteristic words etc.</p>\r\n<p>The standard chunk of Lorem Ipsum used since the 1500s is reproduced below for those interested. Sections 1.10.32 and 1.10.33 from de Finibus Bonorum et Malorum by Cicero are also reproduced in their exact original form, accompanied by English versions from the 1914 translation by H. Rackham.</p>\r\n<p>There are many variations of passages of Lorem Ipsum available, but the majority have suffered alteration in some form, by injected humour, or randomised words which dont look even slightly believable. If you are going to use a passage of Lorem Ipsum, you need to be sure there isn anything embarrassing hidden in the middle of text. All the Lorem Ipsum generators on the Internet tend to repeat predefined chunks as necessary, making this the first true generator on the Internet. It uses a dictionary of over 200 Latin words, combined with a handful of model sentence structures, to generate Lorem Ipsum which looks reasonable. The generated Lorem Ipsum is therefore always free from repetition, injected humour, or non-characteristic words etc.</p>\r\n<p>The standard chunk of Lorem Ipsum used since the 1500s is reproduced below for those interested. Sections 1.10.32 and 1.10.33 from de Finibus Bonorum et Malorum by Cicero are also reproduced in their exact original form, accompanied by English versions from the 1914 translation by H. Rackham.</p>', 'https://www.youtube.com/watch?v=Uet2mVhv9Ik', ''),
(24, 9, 'The Extremes of Good and Evil', '31-03-16', 'Amit Kollol Dey', 'standard,Extremes,game', 'cursos-pascoa-easter.jpg', '<p>Contrary to popular belief, Lorem Ipsum is not simply random text. It has roots in a piece of classical Latin literature from 45 BC, making it over 2000 years old. Richard McClintock, a Latin professor at Hampden-Sydney College in Virginia, looked up one of the more obscure Latin words, consectetur, from a Lorem Ipsum passage, and going through the cites of the word in classical literature, discovered the undoubtable source. Lorem Ipsum comes from sections 1.10.32 and 1.10.33 of de Finibus Bonorum et Malorum(The Extremes of Good and Evil) by Cicero, written in 45 BC. This book is a treatise on the theory of ethics, very popular during the Renaissance. The first line of Lorem Ipsum, Lorem ipsum dolor sit amet.., comes from a line in section 1.10.32.</p>\r\n<p>The standard chunk of Lorem Ipsum used since the 1500s is reproduced below for those interested. Sections 1.10.32 and 1.10.33 from de Finibus Bonorum et Malorum by Cicero are also reproduced in their exact original form, accompanied by English versions from the 1914 translation by H. Rackham.</p>\r\n<p>Contrary to popular belief, Lorem Ipsum is not simply random text. It has roots in a piece of classical Latin literature from 45 BC, making it over 2000 years old. Richard McClintock, a Latin professor at Hampden-Sydney College in Virginia, looked up one of the more obscure Latin words, consectetur, from a Lorem Ipsum passage, and going through the cites of the word in classical literature, discovered the undoubtable source. Lorem Ipsum comes from sections 1.10.32 and 1.10.33 of de Finibus Bonorum et Malorum(The Extremes of Good and Evil) by Cicero, written in 45 BC. This book is a treatise on the theory of ethics, very popular during the Renaissance. The first line of Lorem Ipsum, Lorem ipsum dolor sit amet.., comes from a line in section 1.10.32.</p>\r\n<p>The standard chunk of Lorem Ipsum used since the 1500s is reproduced below for those interested. Sections 1.10.32 and 1.10.33 from de Finibus Bonorum et Malorum by Cicero are also reproduced in their exact original form, accompanied by English versions from the 1914 translation by H. Rackham.</p>', 'https://www.youtube.com/embed/tgbNymZ7vqY', ''),
(25, 8, 'Cicero are also reproduced in their exact original form', '31-03-16', 'Amit Kollol Dey', 'variations,passages,alteration', '1349631423_3184_writing2.jpg', '<p>Contrary to popular belief, Lorem Ipsum is not simply random text. It has roots in a piece of classical Latin literature from 45 BC, making it over 2000 years old. Richard McClintock, a Latin professor at Hampden-Sydney College in Virginia, looked up one of the more obscure Latin words, consectetur, from a Lorem Ipsum passage, and going through the cites of the word in classical literature, discovered the undoubtable source. Lorem Ipsum comes from sections 1.10.32 and 1.10.33 of "de Finibus Bonorum et Malorum" (The Extremes of Good and Evil) by Cicero, written in 45 BC. This book is a treatise on the theory of ethics, very popular during the Renaissance. The first line of Lorem Ipsum, "Lorem ipsum dolor sit amet..", comes from a line in section 1.10.32.</p>\r\n<p>The standard chunk of Lorem Ipsum used since the 1500s is reproduced below for those interested. Sections 1.10.32 and 1.10.33 from "de Finibus Bonorum et Malorum" by Cicero are also reproduced in their exact original form, accompanied by English versions from the 1914 translation by H. Rackham.</p>\r\n<p>There are many variations of passages of Lorem Ipsum available, but the majority have suffered alteration in some form, by injected humour, or randomised words which dont look even slightly believable. If you are going to use a passage of Lorem Ipsum, you need to be sure there isnt anything embarrassing hidden in the middle of text. All the Lorem Ipsum generators on the Internet tend to repeat predefined chunks as necessary, making this the first true generator on the Internet. It uses a dictionary of over 200 Latin words, combined with a handful of model sentence structures, to generate Lorem Ipsum which looks reasonable. The generated Lorem Ipsum is therefore always free from repetition, injected humour, or non-characteristic words etc.</p>', 'https://www.youtube.com/embed/tgbNymZ7vqY', ''),
(26, 11, 'Lorem Ipsum comes from sections 1.10.32', '31-03-16', 'Amit Kollol Dey', 'Lorem,Ipsum,dummy', 'everyday-english-speaking-course.jpg', '<p>Contrary to popular belief, Lorem Ipsum is not simply random text. It has roots in a piece of classical Latin literature from 45 BC, making it over 2000 years old. Richard McClintock, a Latin professor at Hampden-Sydney College in Virginia, looked up one of the more obscure Latin words, consectetur, from a Lorem Ipsum passage, and going through the cites of the word in classical literature, discovered the undoubtable source. Lorem Ipsum comes from sections 1.10.32 and 1.10.33 of "de Finibus Bonorum et Malorum" (The Extremes of Good and Evil) by Cicero, written in 45 BC. This book is a treatise on the theory of ethics, very popular during the Renaissance. The first line of Lorem Ipsum, "Lorem ipsum dolor sit amet..", comes from a line in section 1.10.32.</p>\r\n<p>The standard chunk of Lorem Ipsum used since the 1500s is reproduced below for those interested. Sections 1.10.32 and 1.10.33 from "de Finibus Bonorum et Malorum" by Cicero are also reproduced in their exact original form, accompanied by English versions from the 1914 translation by H. Rackham.</p>\r\n<p>There are many variations of passages of Lorem Ipsum available, but the majority have suffered alteration in some form, by injected humour, or randomised words which dont look even slightly believable. If you are going to use a passage of Lorem Ipsum, you need to be sure there isnt anything embarrassing hidden in the middle of text. All the Lorem Ipsum generators on the Internet tend to repeat predefined chunks as necessary, making this the first true generator on the Internet. It uses a dictionary of over 200 Latin words, combined with a handful of model sentence structures, to generate Lorem Ipsum which looks reasonable. The generated Lorem Ipsum is therefore always free from repetition, injected humour, or non-characteristic words etc.</p>', 'https://www.youtube.com/embed/tgbNymZ7vqY', ''),
(27, 7, 'Edited New Lorem Ipsum is simply dummy text', '11-04-16', 'Amit Kollol Dey', 'Lorem,Ipsum,dummy', 'url.jpeg', '<p><strong>Lorem Ipsum</strong> is simply dummy text of the printing and typesetting industry. Lorem Ipsum has been the industry''s standard dummy text ever since the 1500s, when an unknown printer took a galley of type and scrambled it to make a type specimen book. It has survived not only five centuries, but also the leap into electronic typesetting, remaining essentially unchanged. It was popularised in the 1960s with the release of Letraset sheets containing Lorem Ipsum passages, and more recently with desktop publishing software like Aldus PageMaker including versions of Lorem Ipsum.</p>\r\n<div class="rc">\r\n<p>It is a long established fact that a reader will be distracted by the readable content of a page when looking at its layout. The point of using Lorem Ipsum is that it has a more-or-less normal distribution of letters, as opposed to using ''Content here, content here'', making it look like readable English. Many desktop publishing packages and web page editors now use Lorem Ipsum as their default model text, and a search for ''lorem ipsum'' will uncover many web sites still in their infancy. Various versions have evolved over the years, sometimes by accident, sometimes on purpose (injected humour and the like).</p>\r\n</div>\r\n<p>&nbsp;</p>\r\n<p>Contrary to popular belief, Lorem Ipsum is not simply random text. It has roots in a piece of classical Latin literature from 45 BC, making it over 2000 years old. Richard McClintock, a Latin professor at Hampden-Sydney College in Virginia, looked up one of the more obscure Latin words, consectetur, from a Lorem Ipsum passage, and going through the cites of the word in classical literature, discovered the undoubtable source. Lorem Ipsum comes from sections 1.10.32 and 1.10.33 of "de Finibus Bonorum et Malorum" (The Extremes of Good and Evil) by Cicero, written in 45 BC. This book is a treatise on the theory of ethics, very popular during the Renaissance. The first line of Lorem Ipsum, "Lorem ipsum dolor sit amet..", comes from a line in section 1.10.32.</p>', 'https://www.youtube.com/embed/tgbNymZ7vqY', ''),
(28, 7, 'Xaml Tutorial 1', '15-08-18', 'Beetee', 'C#', '2.jpg', '<p>Windows Runtime (WinRT) is a platform-homogeneous application architecture, which supports development in C++/CX, C#, VB.NET and JavaScript. WinRT applications natively support both the x86 and ARM architectures. Some important features are.</p>\r\n<p> It was first introduced in Windows Server 2012 in September 2012.</p>\r\n<p> WinRT APIs provide access to all core platform features using JavaScript, C#, Visual Basic, and C++.</p>\r\n<p> WinRT components support multiple languages and APIs such as native, managed and scripting languages.</p>\r\n<p>Universal Windows Platform (UWP)</p>\r\n<p>A Universal Windows app is built upon Universal Windows Platform (UWP), which was first introduced in Windows 8 as the Windows Runtime. In Windows 10, Universal Windows Platform (UWP) was introduced, which further advances the Windows Runtime (WinRT) model.</p>\r\n<p> In Windows 8.1, WinRT, for the first time, was aligned between Windows Phone 8.1 applications and Windows 8.1 applications with the help of Universal Windows 8 apps to target both Windows phone and Windows application using a shared codebase.</p>\r\n<p> Windows 10 Unified Core, which is known as Windows Core now, has reached to a point where UWP, now, provides a common app platform available on every device that runs on Windows 10.</p>\r\n<p> UWP not only can call the WinRT APIs that are common to all devices, but also APIs (including Win32 and .NET APIs) that are specific to the device family that the app is running on.</p>', 'https://www.youtube.com/embed/tgbNymZ7vqY', 'sample_seo questions_10.pdf');

-- --------------------------------------------------------

--
-- Table structure for table `progress`
--

CREATE TABLE `progress` (
  `id` int(11) NOT NULL,
  `Score` int(11) NOT NULL,
  `post_id` int(11) NOT NULL,
  `student_id` int(11) NOT NULL
) ENGINE=InnoDB DEFAULT CHARSET=latin1;

--
-- Dumping data for table `progress`
--

INSERT INTO `progress` (`id`, `Score`, `post_id`, `student_id`) VALUES
(8, 10, 19, 7),
(9, 20, 22, 7),
(10, 50, 28, 7);

-- --------------------------------------------------------

--
-- Table structure for table `student`
--

CREATE TABLE `student` (
  `id` int(11) NOT NULL,
  `name` varchar(60) NOT NULL,
  `address` varchar(60) NOT NULL,
  `age` varchar(60) NOT NULL,
  `dept` varchar(60) NOT NULL,
  `matric_no` varchar(60) NOT NULL,
  `username` varchar(60) NOT NULL,
  `password` varchar(60) NOT NULL,
  `dob` varchar(60) NOT NULL
) ENGINE=InnoDB DEFAULT CHARSET=latin1;

--
-- Dumping data for table `student`
--

INSERT INTO `student` (`id`, `name`, `address`, `age`, `dept`, `matric_no`, `username`, `password`, `dob`) VALUES
(1, 'Paul Breakthrough', 'Enugu', '19', 'Compu', 'esut/2014/155194', 'student', 'student', '2018-07-31'),
(7, 'Paul Breakthrough', '2 Igwe Street Enugu', '2', 'comp', 'su10201002', 'admin', 'admin', '2018-12-04'),
(8, 'Aka', '8', '3', 'comp', 'su10201005', '1234', '1234', '2018-08-16');

-- --------------------------------------------------------

--
-- Table structure for table `truefalse`
--

CREATE TABLE `truefalse` (
  `questionid` int(11) NOT NULL,
  `question` text NOT NULL,
  `answer` int(1) NOT NULL,
  `post_id` int(11) NOT NULL
) ENGINE=InnoDB DEFAULT CHARSET=latin1;

--
-- Dumping data for table `truefalse`
--

INSERT INTO `truefalse` (`questionid`, `question`, `answer`, `post_id`) VALUES
(1, 'Parent constructors are not called implicitly if the child class defines a constructor.', 1, 0),
(2, 'Interface constant can be override in class implementing the interface.', 0, 0),
(3, 'Static methods can be call with class name and colon operator, $this is not available inside the method declared as static.', 1, 0),
(4, 'Static properties can be accessed through the object using the arrow operator ->.', 0, 0),
(5, 'If parent class has Final method abc(). Method abc() can be overridden in child class.', 0, 0),
(6, 'In PHP, a class can be inherited from one base class and with multiple base classes.', 0, 0),
(7, 'To create instance of class "new" keyword is not required.', 0, 0),
(8, '$this is a reference to the calling object', 1, 0),
(9, 'The variable name is case-sensitive in PHP.', 1, 0),
(10, 'PHP is an open source software', 1, 0),
(36, 'XAml is Application Markup Language?', 0, 28),
(37, 'Do you Code?', 1, 28),
(38, 'Andriod need Andriod Studio?', 1, 28),
(39, 'C# is SEE?', 0, 28),
(40, 'JAVA Means Just Another Vague Acronymn', 1, 28),
(41, 'XAml is Application Markup Language?', 0, 19),
(42, 'Do you Code?', 0, 19),
(43, 'Andriod need Andriod Studio?', 1, 19),
(44, 'C# is SEE?', 0, 19),
(66, 'wewe', 0, 22),
(67, 'sdfsdg', 0, 22),
(68, 'cvbvbn', 1, 22);

--
-- Indexes for dumped tables
--

--
-- Indexes for table `categories`
--
ALTER TABLE `categories`
  ADD PRIMARY KEY (`cat_id`);

--
-- Indexes for table `instructors`
--
ALTER TABLE `instructors`
  ADD PRIMARY KEY (`user_id`);

--
-- Indexes for table `posts`
--
ALTER TABLE `posts`
  ADD PRIMARY KEY (`post_id`);

--
-- Indexes for table `progress`
--
ALTER TABLE `progress`
  ADD PRIMARY KEY (`id`);

--
-- Indexes for table `student`
--
ALTER TABLE `student`
  ADD PRIMARY KEY (`id`);

--
-- Indexes for table `truefalse`
--
ALTER TABLE `truefalse`
  ADD PRIMARY KEY (`questionid`);

--
-- AUTO_INCREMENT for dumped tables
--

--
-- AUTO_INCREMENT for table `categories`
--
ALTER TABLE `categories`
  MODIFY `cat_id` int(100) NOT NULL AUTO_INCREMENT, AUTO_INCREMENT=16;
--
-- AUTO_INCREMENT for table `instructors`
--
ALTER TABLE `instructors`
  MODIFY `user_id` int(100) NOT NULL AUTO_INCREMENT, AUTO_INCREMENT=8;
--
-- AUTO_INCREMENT for table `posts`
--
ALTER TABLE `posts`
  MODIFY `post_id` int(100) NOT NULL AUTO_INCREMENT, AUTO_INCREMENT=29;
--
-- AUTO_INCREMENT for table `progress`
--
ALTER TABLE `progress`
  MODIFY `id` int(11) NOT NULL AUTO_INCREMENT, AUTO_INCREMENT=11;
--
-- AUTO_INCREMENT for table `student`
--
ALTER TABLE `student`
  MODIFY `id` int(11) NOT NULL AUTO_INCREMENT, AUTO_INCREMENT=9;
--
-- AUTO_INCREMENT for table `truefalse`
--
ALTER TABLE `truefalse`
  MODIFY `questionid` int(11) NOT NULL AUTO_INCREMENT, AUTO_INCREMENT=69;
/*!40101 SET CHARACTER_SET_CLIENT=@OLD_CHARACTER_SET_CLIENT */;
/*!40101 SET CHARACTER_SET_RESULTS=@OLD_CHARACTER_SET_RESULTS */;
/*!40101 SET COLLATION_CONNECTION=@OLD_COLLATION_CONNECTION */;
